{
  "segment_start": "2026-05-10 00:00:59.023952",
  "threshold": 80.0,
  "slope": 0.004683692469890705,
  "intercept": 40.91921535765085
}